Bao cao su Durex Sensual Strawberry hộp 3 bao,45.000₫
Bộ 3 Bao Cao Su Durex Sensual Strawberry - Hộp 3 chiếc,135.000₫
Combo 2 hộp Bao cao su Durex Fetherlite Ultima 12 Bao,439.000₫
BỘ 2 HỘP BAO CAO SU DUREX FETHERLITE (HỘP 12 BAO),398.000₫
Bao cao su Durex Sensual Strawberry hộp 3 bao,45.000₫
Bao cao su Durex Fetherlite Ultima Hộp 12 Bao,219.000₫
Bao Cao Su Durex Jeans,42.000₫
Bao cao su Durex Performa 3 bao,69.000₫
Bao cao su Durex Naughty Chocolate hộp 3 bao,45.000₫
Bao cao su Durex Invisible Extra Thin Extra Sensitive 1 Hộp 3 Bao,76.000₫
Bao cao su Durex Invisible Extra Thin Extra Lubricated 1 Hộp 10 Bao,210.000₫
Bao cao su Durex Fetherlite Hộp 12 Bao,199.000₫
Bộ 4 Bao Cao Su Durex Sensual Strawberry - Hộp 3 Bao,180.000₫
Bao cao su Durex Invisible Extra Thin Extra Lubricated 1 Hộp 10 Bao,210.000₫
Bao cao su Durex Invisible Extra Thin Extra Sensitive 1 Hộp 3 Bao,82.000₫
Bộ 3 Bao Cao Su Durex Jeans - Hộp 3 chiếc,126.000₫
Bao cao su Durex Pleasuremax Hộp 3 Bao,61.000₫
Bao cao su Durex Pleasuremax Hộp 12 Bao,199.000₫
Bao cao su Durex Kingtex 12 bao,119.000₫
Bộ 1 hộp bao cao su Durex Performa 12 bao và 1 Durex Fetherlite 12 bao,418.000₫
Combo Bao cao su Durex Pleasuremax Hộp 12 Bao và hộp 3 bao,260.000₫
Bao cao su Durex Fetherlite Ultima Hộp 3 bao,69.000₫
Bộ 3 Bao Cao Su Durex Naughty Chocolate - Hộp 3 chiếc,135.000₫
Bao cao su Feelex Passionate Factor siêu mỏng, tính năng truyền nhiệt độc đáo, cảm giác chân thực,109.000₫
Bộ 2 hộp bao cao su Durex Kingtex 12s (hộp 12 bao),238.000₫
