@simple@""@"Ốp Lưng Silicon Vân Da Cho Samsung Galaxy J7 Prime, J7 Pro, J5 Prime - Auto Focus. Sendo - 3766_114252574"@1@"0"@"visible"@""@"Mô tả sản phẩm
Ốp Lưng Silicon Vân Da Auto Focus- Ốp lưng silicon giả da, chống sốc Auto Focus. Chất liệu TPU dẻo, dày dặn, bảo vệ toàn bộ lưng và viền máy, chống va đập.- Phía trong thiết kế có những gân tản nhiệt, giúp máy bớt nóng khi chơi game, xem phim, …- Phầ...
Thông tin cơ bản
Chức năng
Chống sốc, Chống mồ hôi, Chống trầy xước, Chống vân tay
Chất liệu
Giả da PU
Bảo hành
Không bảo hành
Chi tiết sản phẩm
Ốp Lưng Silicon Vân Da Auto Focus
- Ốp lưng silicon giả da, chống sốc Auto Focus. Chất liệu TPU dẻo, dày dặn, bảo vệ toàn bộ lưng và viền máy, chống va đập.
- Phía trong thiết kế có những gân tản nhiệt, giúp máy bớt nóng khi chơi game, xem phim, …
- Phần lưng thiết kế vân da, rất giống da thật, cầm bám tay, không bám mồ hôi, vân tay, không mờ, không ố vàng trong quá trình sử dụng.
- Sản phẩm thiết kế vừa vặn với các chi tiết của máy, khi ốp vào máy rất tinh tế, sang trọng. Sản phẩm có màu đen.
  Sendo"@""@""@"taxable"@""@"5"@@""@"0"@"0"@""@""@""@""@"1"@""@""@"[object Object]"@"Sendo.vn
/
Phụ kiện công nghệ
/
Ốp lưng, bao da điện thoại, máy tính bảng
/
Ốp mặt lưng cho điện thoại"@@""@"https://media3.scdn.vn/img4/2023/05_27/kYG8Iz9MUNCrBos9e1W9_simg_de2fe0_500x500_maxb.jpg"@""@""@@""@@@""@""@0@""@""@"0"@"1"@""@""@""@"0"@"1"@""@""@""@"0"@"1"@""@""@""@"0"@"1"@""@""@""@"0"@"1"@""@""@""@"0"@"1"@""@""@""@"0"@"1"@""@""@""@"0"@"1"@""@""@""@"0"@"1"@""
@simple@""@"Cáp Sạc Nhanh Baseus 2 Đầu Type C Cho Các Máy Samsung, Vivo, Xiaomi, Macbook.... - Sendo - 3806_108782231"@1@"0"@"visible"@""@"Mô tả sản phẩm
- Dùng sạc pin và đồng bộ dữ liệu tốc độ cao cho các Smartphone và Tablet Android/ Windows qua cổng USB Type C như Samsung Galaxy S Series , Note Series, Oppo, Xiaomi,Huawei, Nokia,...- Hỗ trợ dòng lên đến 3A , Hỗ trợ Quick charge 3.0, PD 2.0, cho tố...
Thông tin cơ bản
Bảo hành
1 tháng
Phương thức bảo hành
Bằng tem bảo hành
Độ dài dây
1 mét - dưới 2 mét
Loại cổng vào
USB Type-C
Chi tiết sản phẩm
- Dùng sạc pin và đồng bộ dữ liệu tốc độ cao cho các Smartphone và Tablet Android/ Windows qua cổng USB Type C như Samsung Galaxy S Series , Note Series, Oppo, Xiaomi,Huawei, Nokia,...
- Hỗ trợ dòng lên đến 3A , Hỗ trợ Quick charge 3.0, PD 2.0, cho tốc độ sạc cực kì nhanh.
- Tích hợp bộ xử lý thông minh cho tốc độ truyền tải dữ liệu và khả năng bảo vệ an toàn tuyệt đối cho thiết bị của bạn.
- Đầu cáp được thiết kế đặc biệt , chống hiện tượng gảy đầu cáp. Cho thời gian sử dụng cực lâu và ổn định.
- Thiết kế cực đẹp và sang trọng, dây cáp được làm bằng sợi nylon carbon siêu bền. Mọi chi tiết được hoàn thiện ở mức cao cấp .
- Hàng chính hãng Baseus
#cap #cappsac #sac #baseus #typec #ctoc #Sendo"@""@""@"taxable"@""@"5"@@""@"0"@"0"@""@""@""@""@"1"@""@""@"[object Object]"@"Sendo.vn
/
Phụ kiện công nghệ
/
Cáp sạc, cáp kết nối
/
Cáp sạc USB Type-C"@@""@"https://media3.scdn.vn/img4/2022/12_16/D168mE1fw6vcxxHv1A2y_simg_de2fe0_500x500_maxb.jpg"@""@""@@""@@@""@""@0@""@""@"0"@"1"@""@""@""@"0"@"1"@""@""@""@"0"@"1"@""@""@""@"0"@"1"@""@""@""@"0"@"1"@""@""@""@"0"@"1"@""@""@""@"0"@"1"@""@""@""@"0"@"1"@""@""@""@"0"@"1"@""
@simple@""@"Bộ Lens Bảo Vệ Camera Cho Samsung Galaxy S23 Ultra, S23 Plus, S23 Chính Hãng KuZoom - Sendo - 540_111471879"@1@"0"@"visible"@""@"Mô tả sản phẩm
CHI TIẾT SẢN PHẨM - Hàng chính hãng kuzoom bao gồm: Bộ kính và viền 5 camera , bộ vệ sinh, hộp đựng - Chất lượng chụp ảnh cực nét, không bị ảnh hưởng - Bảo vệ cả viền và kính camera của 5 lens - Rất dễ dán , độ bám dính cao - Viền camera trong suốt n...
Thông tin cơ bản
Chức năng
Miếng dán chống trầy, Miếng dán cường lực, Miếng dán camera
Chất liệu
Kính cường lực
Xuất xứ
Trung Quốc
Chi tiết sản phẩm
CHI TIẾT SẢN PHẨM 
- Hàng chính hãng kuzoom bao gồm: Bộ kính và viền 5 camera , bộ vệ sinh, hộp đựng 
- Chất lượng chụp ảnh cực nét, không bị ảnh hưởng 
- Bảo vệ cả viền và kính camera của 5 lens 
- Rất dễ dán , độ bám dính cao 
- Viền camera trong suốt nên có thể dán cho tất cả các màu máy khác nhau 
- Tương thích với Galaxy S23, S23 Plus, S23 Ultra.
#dancamera #lensbaovecamera #s23 #s23plus #s23ultra #samsung #Sendo"@""@""@"taxable"@""@"5"@@""@"0"@"0"@""@""@""@""@"1"@""@""@"[object Object]"@"Sendo.vn
/
Phụ kiện công nghệ
/
Phụ kiện điện thoại, máy tính bảng
/
Miếng dán cho điện thoại, máy tính bảng"@@""@"https://media3.scdn.vn/img4/2023/03_06/6NLIfUvEc9UD1DhlF4Io_simg_de2fe0_500x500_maxb.jpg"@""@""@@""@@@""@""@0@""@""@"0"@"1"@""@""@""@"0"@"1"@""@""@""@"0"@"1"@""@""@""@"0"@"1"@""@""@""@"0"@"1"@""@""@""@"0"@"1"@""@""@""@"0"@"1"@""@""@""@"0"@"1"@""@""@""@"0"@"1"@""
@simple@""@"Smart Tivi Samsung UHD 4K 55 inch UA55AU7700 - Đen - 00884189"@1@"0"@"visible"@""@"Mô tả sản phẩm
Chương trình khuyến mãi: Đang cập nhật Smart Tivi Samsung 55AU7700 UDH 4K 55 inch quy tụ hàng loạt công nghệ hiện đại như PurColor, chip Crystal Processor, Motion Xcelerator và hỗ trợ nội dung HDR để mang tới loạt trải nghiệm hình ảnh đỉnh cao nhất. ...
Chi tiết sản phẩm
Chương trình khuyến mãi:
Đang cập nhật
Smart Tivi Samsung 55AU7700 UDH 4K 55 inch quy tụ hàng loạt công nghệ hiện đại như PurColor, chip Crystal Processor, Motion Xcelerator và hỗ trợ nội dung HDR để mang tới loạt trải nghiệm hình ảnh đỉnh cao nhất. Với viền bao quanh siêu mỏng, sản phẩm hiện diện như một bức tranh nghệ thuật tô điểm cho không gian sống của gia đình bạn.
Đắm chìm trong màn hình 4K sắc nét, nâng tầm giải trí ấn tượng
Sau một ngày học tập, làm việc chăm chỉ thì còn gì tuyệt vời bằng những phút giây giải trí thoải mái. Ở TV Samsung UA55AU7700, người dùng sẽ thỏa thích đắm chìm trong những chi tiết sắc nét, sống động đến bất ngờ nhờ vào màn hình 4K (3.840 x 2.160 pixels).
Mọi gam màu đều trở nên rực rỡ và ấn tượng hơn khi mật độ điểm ảnh gấp bốn lần so với các dòng TV Full HD thông thường trên thị trường. Độ phân giải cao sẽ phát huy tối đa lợi thế của tấm nền 55 inch rộng rãi, khiến bạn đắm chìm vào những nội dung phim ảnh, giải trí một cách trọn vẹn. Bạn sẽ trầm trồ ngạc nhiên khi ngồi trước không gian hình ảnh mãn nhãn mà sản phẩm trình diễn trong tầm mắt. Đây là chiếc tivi 4K mà người dùng không thể bỏ qua để nâng tầm giải trí, lấy lại năng lượng tuyệt hảo.
Tối ưu mọi gam màu đến ngưỡng đã mắt nhất
PurColor là một trong những công nghệ giúp Samsung vang danh trong lĩnh vực sản xuất TV và màn hình. Chìa khóa của công nghệ này nằm ở việc gia tăng số điểm chỉnh màu trên tấm nền lên gấp 7 lần, từ đó đẩy mạnh năng lực tái tạo sắc màu và giúp hình ảnh trở nên sống động hơn, tươi tắn hơn mà vẫn duy trì được tính chân thực. Với PurColor, Smart Tivi Samsung 55AU7700 UDH 4K 55 inch có thể thuyết phục được những khách hàng khó tính nhất bởi năng lực hiển thị hình ảnh nịnh mắt đáng kinh ngạc.
Crystal Processor 4K hiệu chỉnh sắc màu linh hoạt
Thêm một công nghệ đỉnh cao góp mặt trên TV Samsung UA55AU7700. Chip xử lý Crystal Processor 4K sẽ tối ưu màu sắc hiển thị trên màn hình, thổi sức sống vào mọi gam màu và tăng độ rực rỡ. Ngoài ra, bộ vi xử lý này còn góp phần đẩy tín hiệu hình ảnh hiển"@""@""@"taxable"@""@"5"@@""@"0"@"0"@""@""@""@""@"1"@""@""@"[object Object]"@"Sendo.vn
/
Tivi - Thiết bị giải trí
/
Tivi
/
Smart Tivi"@@""@"https://media3.scdn.vn/img4/2023/08_21/NtIfHsce9mn1C4X60tZ6_simg_de2fe0_500x500_maxb.jpg"@""@""@@""@@@""@""@0@""@""@"0"@"1"@""@""@""@"0"@"1"@""@""@""@"0"@"1"@""@""@""@"0"@"1"@""@""@""@"0"@"1"@""@""@""@"0"@"1"@""@""@""@"0"@"1"@""@""@""@"0"@"1"@""@""@""@"0"@"1"@""
@simple@""@"Ốp Lưng Silicon Trong Suốt Cho Samsung Galaxy S23 Ultra, S23 Plus, S23, S22, S22 Plus, S22 Ultra - Sendo - 3797_111565890"@1@"0"@"visible"@""@"Mô tả sản phẩm
Ốp lưng silicon dẻo trong suốt siêu mỏng 0.5 mm.Chất liệu TPU chỉ mỏng 0.5 mm, mềm dẻo, có độ đàn hồi cao, có thể bóp lại, cuộn lại mà không biến dạng.Sản phẩm được tráng lớp chống dính lưng nên không bị loang hay dính như chất liệu silicon thường.Đâ...
Thông tin cơ bản
Xuất xứ
Trung Quốc
Bảo hành
Không bảo hành
Phương thức bảo hành
Không bảo hành
Chất liệu
Nhựa dẻo
Chi tiết sản phẩm
Ốp lưng silicon dẻo trong suốt siêu mỏng 0.5 mm.
Chất liệu TPU chỉ mỏng 0.5 mm, mềm dẻo, có độ đàn hồi cao, có thể bóp lại, cuộn lại mà không biến dạng.
Sản phẩm được tráng lớp chống dính lưng nên không bị loang hay dính như chất liệu silicon thường.
Đây là sản mẫu ốp dẻo trong cao cấp đạt độ trong đến 97-98%
Là giải pháp hợp lý khi bạn vừa muốn bảo vệ máy mà vừa muốn giữ được vẻ đẹp như nguyên bản của máy.
#op #oplung #opsamsung #galaxyS23ultra #samsungS23 #s23plus #opdeo #opsilicon #Sendo"@""@""@"taxable"@""@"5"@@""@"0"@"0"@""@""@""@""@"1"@""@""@"[object Object]"@"Sendo.vn
/
Phụ kiện công nghệ
/
Linh kiện điện thoại, máy tính bảng
/
Vỏ điện thoại, máy tính bảng"@@""@"https://media3.scdn.vn/img4/2023/03_07/GbChjerTuENsJuN2fkNh_simg_de2fe0_500x500_maxb.jpg"@""@""@@""@@@""@""@0@""@""@"0"@"1"@""@""@""@"0"@"1"@""@""@""@"0"@"1"@""@""@""@"0"@"1"@""@""@""@"0"@"1"@""@""@""@"0"@"1"@""@""@""@"0"@"1"@""@""@""@"0"@"1"@""@""@""@"0"@"1"@""
@simple@""@"Công tắc khoá cửa máy giặt Samsung cửa ngang 3 chân chính hãng - HU944"@1@"0"@"visible"@""@"Mô tả sản phẩm
Công tắc khoá cửa máy giặt Samsung cửa ngang 3 chân chính hãng250V DC34-00028BHàng mới 100% chính hãngSử dụng cho nhiều model máy giặt Samsung lồng ngangQuý khách lựa chọn đúng mẫu như hình shop chụp...
Chi tiết sản phẩm
Công tắc khoá cửa máy giặt Samsung cửa ngang 3 chân chính hãng
250V DC34-00028B
Hàng mới 100% chính hãng
Sử dụng cho nhiều model máy giặt Samsung lồng ngang
Quý khách lựa chọn đúng mẫu như hình shop chụp"@""@""@"taxable"@""@"5"@@""@"0"@"0"@""@""@""@""@"1"@""@""@"[object Object]"@"Sendo.vn
/
Điện máy
/
Máy giặt, máy sấy
/
Máy giặt - sấy"@@""@"https://media3.scdn.vn/img4/2022/11_13/sucYGwY0UoR9gUdemr6P_simg_de2fe0_500x500_maxb.jpg"@""@""@@""@@@""@""@0@""@""@"0"@"1"@""@""@""@"0"@"1"@""@""@""@"0"@"1"@""@""@""@"0"@"1"@""@""@""@"0"@"1"@""@""@""@"0"@"1"@""@""@""@"0"@"1"@""@""@""@"0"@"1"@""@""@""@"0"@"1"@""
@simple@""@"Smart Tivi Samsung Crystal UHD 4K 43 inch UA43AU7002 - Đen - 00884206"@1@"0"@"visible"@""@"Mô tả sản phẩm
Chương trình khuyến mãi: Đang cập nhật Không chỉ có giá thành hợp lý, Smart Tivi Samsung 4K 43 inch UA43AU7002 còn mang đến cho người dùng những trải nghiệm giải trí đỉnh cao nhất. Bạn dễ dàng được thưởng thức âm thanh sống động, hình ảnh sắc nét nga...
Chi tiết sản phẩm
Chương trình khuyến mãi:
Đang cập nhật
Không chỉ có giá thành hợp lý, Smart Tivi Samsung 4K 43 inch UA43AU7002 còn mang đến cho người dùng những trải nghiệm giải trí đỉnh cao nhất. Bạn dễ dàng được thưởng thức âm thanh sống động, hình ảnh sắc nét ngay tại nhà. 
Thiết kế 3 cạnh không viền
Dù là sản phẩm thuộc phân khúc phổ thông, Smart Tivi Samsung Crystal UHD 4K 43 inch UA43AU7002 vẫn được sản xuất với ngôn ngữ thiết kế mới nhất, theo xu hướng tối giản với độ viền mỏng ấn tượng. Nhờ đó, sản phẩm cho trải nghiệm xem rộng mở và thoải mái hơn. Nhìn tổng quan, tivi chẳng khác một bức tranh thuần khiết không viền, dễ dàng chiếm trọn tình cảm người dùng từ cái nhìn đầu tiên. 
Phương tiện giải trí và thư giãn dành cho cả gia đình
Smart Tivi Samsung Crystal UHD 4K 43 inch UA43AU7002 sở hữu tầm nhìn rộng với chất lượng âm thanh vượt trội, đáp ứng nhu cầu giải trí của mọi thành viên trong gia đình bạn: từ các trận cầu kịch tính của bố, những bộ phim dài tập của mẹ, cho đến những bộ phim hoạt hình của trẻ. Màn hình lớn cũng là một phương tiện hữu ích để bạn vừa xem vừa tập các bài tập yoga, thể dục tại nhà một cách thuận tiện nhất.
Công nghệ PurColor độc quyền
Smart Tivi Samsung Crystal UHD 4K 43 inch UA43AU7002 khiến người dùng choáng ngợp trước hình ảnh sắc nét, từng dải màu hiển thị rộng lớn và rực rỡ nhờ công nghệ PurColor độc quyền. Khung hình hiện lên sống động và chân thực nhất, như thể đang thực sự chứng kiến thế giới trong phim. So với các mẫu tivi đời trước, sản phẩm khắc được nhiều hạn chế, giúp người xem thưởng thức hình ảnh đẹp mà không tạo cảm giác nịnh mắt trên chiếc tivi inch này. 
Bộ vi xử lý Crystal 4K đời mới
Smart Tivi Samsung 4K 43 inch UA43AU7002 sở hữu gấp 4 lần điểm ảnh so với TV FHD thông thường. Nhờ đó, sản phẩm mang đến khung hình sắc nét và sống động nhất, giúp bạn thưởng thức từng chi tiết nhỏ. Chưa kể, tivi còn tích hợp bộ vi xử lý Crystal 4K cực kỳ mạnh mẽ, giải quyết mọi vấn đề của bạn trong chốc lát. Vi xử lý cũng sẽ tự động nâng cấp mọi nội dung lên chuẩn 4K ấn tượng, giúp bạn luôn được thưởng thức chất lượng hình ảnh tốt nhất trên chiếc tivi Samsung 4K của mình. 
<"@""@""@"taxable"@""@"5"@@""@"0"@"0"@""@""@""@""@"1"@""@""@"[object Object]"@"Sendo.vn
/
Tivi - Thiết bị giải trí
/
Tivi
/
Smart Tivi"@@""@"https://media3.scdn.vn/img4/2023/08_19/ZJTTZBRKEt8RMe0uCfZj_simg_de2fe0_500x500_maxb.jpg"@""@""@@""@@@""@""@0@""@""@"0"@"1"@""@""@""@"0"@"1"@""@""@""@"0"@"1"@""@""@""@"0"@"1"@""@""@""@"0"@"1"@""@""@""@"0"@"1"@""@""@""@"0"@"1"@""@""@""@"0"@"1"@""@""@""@"0"@"1"@""
@simple@""@"Màn hình máy tính Samsung 22inch Full viền - LF22T370FWEXXV MaxLink - LF22T370FWEXXV"@1@"0"@"visible"@""@"Mô tả sản phẩm
Màn hình máy tính Samsung 22 inch LF22T370FWEXXV -Màn hình: LED, Full viền, IPS, 75Hz-Kích thước: 22 inch-Tấm nền: Công nghệ IPS-Độ phân giải: 1920x1080-Độ sáng (cd/m²): 250cd/m2 (Typ)-Độ tương phản: 1000:1 (Typ)-Góc nhìn: 178°(Ngang)/178°(Dọc)-T/g ...
Thông tin cơ bản
Hãng sản xuất
Samsung
Kích thước màn hình
Khoảng 22''
Tình trạng máy
Mới
Độ phân giải màn hình
Full HD (1080 x 1920 pixels)
Bảo hành
Bảo hành chính hãng
Loại màn hình
Màn hình phẳng
Chi tiết sản phẩm
Màn hình máy tính Samsung 22 inch LF22T370FWEXXV
-Màn hình: LED, Full viền, IPS, 75Hz
-Kích thước: 22 inch
-Tấm nền: Công nghệ IPS
-Độ phân giải: 1920x1080
-Độ sáng (cd/m²): 250cd/m2 (Typ)
-Độ tương phản: 1000:1 (Typ)
-Góc nhìn: 178°(Ngang)/178°(Dọc)
-T/g đáp ứng: 5 (GtG) ms
-Giao tiếp: Display Port, HDMI
-Màu hỗ trợ: 16.7 triệu màu
-Công suất: 25W
-Trọng lượng: 3.7kg
-Phụ kiện: cáp nguồn, dây HDMI
Tính năng nổi bật:
Tấm nền IPS chất lượng cao cho hình ảnh rõ nét
Tần số quét 75Hz và chế độ Game Mode đỉnh cao
Tiết kiệm điện năng đến 10% với Eco Saving Plus
Rực Rỡ Sắc Màu Chân Thực
Sống động mọi chi tiết, sắc nét đến từng điểm ảnh nhờ tấm nền IPS chất lượng cao. Với góc nhìn mở rộng lên đến 178 độ cùng khả năng hiển thị chính xác từng tông màu và sắc thái, màn hình máy tính Samsung 22 inch LF22T370FWEXXV rộng lớn không chỉ mang đến trải nghiệm xem vượt trội, mà còn thúc đẩy hiệu suất làm việc tối ưu.
Nâng Cao Hiệu Suất Với Thiết Kế Tràn Viền Ấn Tượng
Tập trung tối đa với thiết kế tràn viền ấn tượng từ màn hình máy tính Samsung 22 inch LF22T370FWEXXV. Xem trọn vẹn và liền mạch mọi nội dung ngay cả khi thiết lập màn hình kép. Hạn chế mọi xao nhãng, hỗ trợ tập trung hiệu quả để giải quyết nhiều danh mục công việc hơn trong suốt thời gian sử dụng
Chăm Sóc Toàn Diện Đôi Mắt Suốt Cả Ngày
Thoải mái tập trung trong suốt phiên làm việc với khả năng bảo vệ mắt tối ưu từ màn hình máy tính Samsung 22 inch LF22T370FWEXXV. Công nghệ bảo vệ mắt tiên tiến giảm thiểu đáng kể tình trạng mỏi mắt, giúp tăng cường sự tập trung và nâng cao hiệu suất công việc hiệu quả. Công nghệ Flicker Free loại bỏ tình trạng nhấp nháy khó chịu thường thấy trên màn hình, trong khi chế độ Eye Saver giảm thiểu tác hại của ánh sáng xanh.
Hiển Thị Video Siêu Mượt Mà
Với công nghệ AMD FreeSync, mọi video luôn được hiển thị mượt mà và không xuất hiện tình trạng xé hình thường thấy, giúp hạn chế xao nhãng tối ưu. Màn hình máy tính Samsung 22 inch LF22T370FWEXXV ưu việt cho phép bạn tối đa hóa năng suất làm việc và dễ dàng hoàn thành các nhiệm vụ quan trọng mỗi ngày với hiệu quả tốt nhất.
Hoàn Hảo Trong Từng Chuyển Động
Tần số quét 75Hz vượt trội giúp mọi chuyển động trở nên mượt mà hơn, cho bạn dễ dàng bắt kịp các khoảnh khắc ấn tượng trong những phân cảnh thú vị. Giờ đây, bạn có thể thưởng thức mọi nội dung đỉnh cao và trải nghiệm những trận game gay cấn mà không có hiện tượng giựt hình hay bóng mờ khó chịu.
Chế Độ Game Mode Đỉnh Cao
Chế độ Game Mode giúp tối ưu độ tương phản khung hình, mang lại cho bạn những lợi thế vượt trội trong suốt trận đấu. Bằng cách tăng độ tương phản trong các phân cảnh, chế độ Game Mode có thể hiển thị rõ nét các khu vực tối, cho bạn dễ dàng nhìn rõ kẻ thù, nhanh chóng dành lấy chiến thắng.
Tiết Kiệm Hiệu Quả Năng Lượng
Công nghệ Eco Saving Plus giúp tiết kiệm điện năng tiêu thụ lên đến 10% nhưng vẫn duy trì chất lượng hình ảnh vượt trội. 
#màn hình máy tính
#22inch
#SAMSUNG
#MaxLink
#Màn hình máy tính Samsung 22 inch LF22T370FWEXXV
#LF22T370FWEXXV"@""@""@"taxable"@""@"5"@@""@"0"@"0"@""@""@""@""@"1"@""@""@"[object Object]"@"Sendo.vn
/
Laptop, Máy tính & Thiết bị văn phòng
/
Máy tính để bàn
/
Màn hình máy tính"@@""@"https://media3.scdn.vn/img4/2023/02_08/h1nd9QfLyyIqBEe6vH4Y_simg_de2fe0_500x500_maxb.png"@""@""@@""@@@""@""@0@""@""@"0"@"1"@""@""@""@"0"@"1"@""@""@""@"0"@"1"@""@""@""@"0"@"1"@""@""@""@"0"@"1"@""@""@""@"0"@"1"@""@""@""@"0"@"1"@""@""@""@"0"@"1"@""@""@""@"0"@"1"@""
@simple@""@"Dây sạc 3 đầu Baseus lightning micro usb type c - Cáp 3 trong 1 cho iphone samsung xiaomi 3 in 1 . - 3808_108010071"@1@"0"@"visible"@""@"Mô tả sản phẩm
ĐỔI TRẢ MIỄN PHÍ TRONG VÒNG 7 NGÀY NẾU SẢN PHẨM BỊ LỖI CỦA NHÀ SẢN XUẤT THỜI GIAN GIAO HÀNG SIÊU TỐC ĐỘ- Đơn giao hỏa tốc: Thời gian từ 1 - 3 giờ sau khi xác nhận đơn.- Đơn giao bình thường: Thời gian từ 1 - 3 ngày sau khi xác nhận đơn * * * * * * * ...
Chi tiết sản phẩm
ĐỔI TRẢ MIỄN PHÍ TRONG VÒNG 7 NGÀY NẾU SẢN PHẨM BỊ LỖI CỦA NHÀ SẢN XUẤT
 THỜI GIAN GIAO HÀNG SIÊU TỐC ĐỘ
- Đơn giao hỏa tốc: Thời gian từ 1 - 3 giờ sau khi xác nhận đơn.
- Đơn giao bình thường: Thời gian từ 1 - 3 ngày sau khi xác nhận đơn
 * * * * * * * * * * 
THÔNG TIN SẢN PHẨM
Chất liệu: Hợp kim nhôm + TPE
Dòng điện: 3.5A Max.
Tốc độ truyền: iP / 480Mbps
Đầu vào: USB
Đầu ra: Micro + iPHONE + Type-C
Chiều dài: 1.25m
 BỘ SẢN PHẨM BAO GỒM :
1 X Dây sạc
1 X VỎ HỘP SẢN PHẨM
 * * * * * * * * * * * * 
QUYỀN LỢI CỦA KHÁCH HÀNG
 - Hoàn tiền ngay nếu sản phẩm không giống với mô tả
- Khi sản phẩm lỗi được bảo hành và đổi trả miễn phí trong thời gian hỗ trợ đổi trả 
- Quý khách sau khi bóc sản phẩm lưu ý giữ lại vỏ hộp giúp shop, bảo hành điện tử nên quý khách giữ lại vỏ hộp để làm bằng chứng bảo hành
.
- Một đánh giá tiêu cực sẽ KHÔNG giúp giải quyết vấn đề. Nếu bạn hài lòng với tất cả sản phẩm, hãy để lại cho chúng tôi đánh giá 5 sao, đó là động lực để cửa hàng có thể tiếp tục phát triển trong tương lai và cung cấp dịch vụ tốt hơn cho bạn.
 #capsac3dau #capsacdanang #capsaciphone #daysacdanang #daysaciphone #daysac3dau #daysac3in1 #capsac3dau #daysac3dau #capsac3in1 #daysac3in1 #daysacnhieumay #capsacnhieumay #capsacsamsung #daysacsamsung #capsacoppo #daysacoppo #capsacchinhhang #capsacxiaomi #capsacmicro #daysacmicrousb #capsacmicro #daysacmicrousb #daysacsamsung #daysacoppo #daysacxiaomi #daysachauwei #daysacandroi #capsacsamsung #capsacoppo #capsacxiaomi #capsachauwei #capsac
#daysacmicro1m #capsacmicro1m 
#cápsạciphone #cáp_sạc_iphone #capsaciphone #cap_sac_iphone #cápsạc #cáp_sạc #capsac #cap_sac #cápsạctypec #cáp_sạc_type_c #capsactypec #cap_sac_type_c #cápsạcnhanhiphone #cáp_sạc_nhanh_iphone #capsacnhanhiphone #cap_sac_nhanh_iphone #cápsạcnhanh #cáp_sạc_nhanh #capsacnhanh #cap_sac_nhanh #cápsạcnhanhtypec #cáp_sạc_nhanh_type_c #capsacnhanhtypec #cap_sac_nhanh_type_c #cápsạcmicrousb #cáp_sạc_micro_usb #capsacmicrousb #cap_sac_micro_usb #cápsạcsamsung #cáp_sạc_samsung #capsacsamsung #cap_sac_samsung #cápsạciphonechínhhãng #cáp_sạc_iphone_chính_hãng #capsaciphonechinhhang #cap_sac_iphone_chinh_hang #cápsạcnhanh2.4achốngrốitypecremaxrc-138 #cáp_sạc_nhanh_2.4a_chống_rối_typec_remax_rc-138 #capsacnhanh2.4achongroitypecremaxrc-138 #cap_sac_nhanh_2.4a_chong_roi_typec_remax_rc-138
#dâysạciphone #dây_sạc_iphone #daysaciphone #day_sac_iphone #dâysạc #dây_sạc #daysac #day_sac #dâysạctypec #dây_sạc_type_c #daysactypec #day_sac_type_c #dâysạcnhanhiphone #dây_sạc_nhanh_iphone #daysacnhanhiphone #day_sac_nhanh_iphone #dâysạcsamsung #dây_sạc_samsung #daysacsamsung #day_sac_samsung #dâysạciphonechínhhãng #dây_sạc_iphone_chính_hãng #daysaciphonechinhhang #day_sac_iphone_chinh_hang #dâysạcip #dây_sạc_ip #daysacip #day_sac_ip #dâysạcoppo #dây_sạc_oppo #daysacoppo #day_sac_oppo #dâysạcnhanh #dây_sạc_nhanh #daysacnhanh #day_sac_nhanh #dâysạciphonenhanh #dây_sạc_iphone_nhanh #daysaciphonenhanh #day_sac_iphone_nhanh"@""@""@"taxable"@""@"5"@@""@"0"@"0"@""@""@""@""@"1"@""@""@"[object Object]"@"Sendo.vn
/
Phụ kiện công nghệ
/
Cáp sạc, cáp kết nối
/
Cáp sạc đa năng"@@""@"https://media3.scdn.vn/img4/2022/12_04/FEBYItXVmG6s9SQ7XYAX_simg_de2fe0_500x500_maxb.jpg"@""@""@@""@@@""@""@0@""@""@"0"@"1"@""@""@""@"0"@"1"@""@""@""@"0"@"1"@""@""@""@"0"@"1"@""@""@""@"0"@"1"@""@""@""@"0"@"1"@""@""@""@"0"@"1"@""@""@""@"0"@"1"@""@""@""@"0"@"1"@""
@simple@""@"Máy Tính Bảng Samsung Galaxy Tab A7 Lite T225 3GB/32GB - Hàng Chính Hãng - 2357_67621197"@1@"0"@"visible"@""@"Mô tả sản phẩm
THẮNG THAO MOBILE cam kết: ✅ Hàng chính hãng mới 100% ✅ Bảo hành 12 Tháng chính hãng ✅ Bảo hành nhanh tại tất cả trung tâm Samsung trên toàn quốc   Cấu hình Máy tính bảng Samsung Galaxy Tab A7 Lite   Màn hình: 8.7&#34;TFT LCD Hệ điều hành: Android 11...
Thông tin cơ bản
Kết nối mạng
4G, Wifi
Tính năng nổi trội
Pin khủng (>3000 mAh), Màn hình tràn viền
Xuất xứ
Hàng chính hãng
Nơi bảo hành
Bảo hành chính hãng
Chip xử lý
MediaTek
Hãng sản xuất
Samsung
RAM
3GB
Loại cổng sạc
USB Type-C
Bảo hành
12 tháng
Bộ nhớ trong
32GB
Kích thước màn hình
8.1 inch - 9.0 inch
Phương thức bảo hành
Bảo hành điện tử
Chi tiết sản phẩm
THẮNG THAO MOBILE cam kết:
✅ Hàng chính hãng mới 100%
✅ Bảo hành 12 Tháng chính hãng
✅ Bảo hành nhanh tại tất cả trung tâm Samsung trên toàn quốc
  Cấu hình Máy tính bảng Samsung Galaxy Tab A7 Lite
  Màn hình: 8.7"TFT LCD
Hệ điều hành: Android 11
Chip: MediaTek MT8768T 8 nhân
RAM: 3 GB
Bộ nhớ trong: 32 GB
Kết nối: Hỗ trợ 4GCó nghe gọi
SIM: 1 Nano SIM
Camera sau: 8 MP
Camera trước: 2 MP
Pin, Sạc: 5100 mAh15 W
Hãng Samsung
Thiết kế siêu mỏng nhẹ
Galaxy Tab A7 Lite sở hữu kiểu thiết kế đặc trưng của dòng Galaxy Tab A7. Thiết bị sử dụng chất liệu nhôm với thiết kế nguyên khối giúp cho máy trở nên cao cấp hơn dù chỉ thuộc phân khúc tầm trung giá rẻ.
Tuy được hoàn thiện từ nhôm nguyên khối, nhưng Galaxy Tab A7 Lite vẫn có độ mỏng nhẹ ấn tượng khi chỉ nặng 371 g và dày chỉ 8 mm, mang đến sự thoải mái khi cầm sử dụng trong thời gian dài.
Với kích thước chỉ tương đương với một quyển sổ nên Galaxy Tab A7 Lite sẽ vô cùng gọn gàng để bạn có thể mang theo khi cần thiết.
Màn hình lớn hiển thị nhiều hơn, rõ hơn
Máy tính bảng Galaxy Tab A7 Lite có màn hình kích thước 8.7 inch, độ phân giải cao 800 x 1340 pixel, cho chất lượng hiển thị khá, màu sắc tươi tắn, màn hình lớn sẽ giúp bạn xem được nhiều nội dung hơn, thoải mái kéo thả, chỉnh sửa hình ảnh, văn bản dễ dàng.
Phần viền 2 bên cũng được Samsung làm mỏng tối đa giúp cho khung hình được trải rộng hơn, tăng trải nghiệm khi xem phim hay thưởng thức các chương trình giải trí.
Hiệu năng ổn định cho nhu cầu giải trí cơ bản
Trang bị vi xử lý MediaTek MT8768T 8 nhân xung nhịp tối đa 2.3 GHz, Galaxy Tab A7 Lite có hiệu năng ổn định, đáp ứng cho nhu cầu giải trí khác nhau như chơi game nhẹ nhàng, kiểm tra email, tin nhắn hay đọc báo cập nhật tin tức.
Máy được trang bị RAM 3 GB và bộ nhớ trong 32 GB là những thông số khá vừa vặn trong tầm giá, vẫn đủ cho đa nhiệm và nhu cầu lưu trữ ở mức độ cơ bản. Bên cạnh đó, máy hỗ trợ khe cắm thẻ nhớ lên đến 1 TB giúp tăng thêm không gian để lưu trữ những bài hát hay bộ phim yêu thích của bạn.
Galaxy Tab A7 Lite trang bị viên pin 5100 mAh giúp máy có thể hoạt động liên tục trong nhiều giờ liền với các tác vụ thông thường. 
Không chỉ vậy, máy cũng hỗ trợ sạc nhanh lên đến 15 W giúp pin được nạp đầy nhanh chóng. Tuy nhiên, sạc đi kèm máy chỉ 7.75 W nên bạn cần mua riêng phụ kiện tương thích nếu muốn sạc nhanh hơn.
Galaxy Tab A7 Lite hỗ trợ đầy đủ các kết nối mạng thông dụng như Wi-Fi, mạng 4G với tốc độ truy cập nhanh và ổn định. Bạn cũng có thể lắp được sim nghe gọi, cho phép Galaxy Tab A7 Lite có thể nhận và thực hiện được cuộc gọi như điện thoại thông thường.
Thưởng thức chất âm sống động từ loa stereo
Đắm chìm trong thế giới giải trí với loa stereo công nghệ Dolby Atmos mang đến chất âm lớn và sống động, cho bạn trải nghiệm nghe nhạc hay xem phim sẽ càng hoàn hảo và chân thật hơn bao giờ hết.
Máy cũng trang bị camera sau 8 MP quay được video Full HD và camera trước 2 MP hỗ trợ gọi video call cũng như ghi lại những tấm ảnh chụp thường ngày của gia đình và cuộc sống xung quanh bạn.
OneUI 3.1 thông minh, mượt mà dễ sử dụng
Galaxy Tab A7 Lite sử dụng giao diện OneUI 3.1 hoàn toàn mới được tối ưu, với các thao tác sử dụng vô cùng thân thiện đơn giản và không chứa ứng dụng rác gây nặng máy, đảm bảo cho bạn có một trải nghiệm tốt nhất.
Với mức giá phải chăng, cấu hình ổn, màn hình lớn nhưng vẫn nhỏ gọn, Galaxy Tab A7 Lite sẽ là một trong những sản phẩm phù hợp với mọi người đáp ứng tốt nhu cầu học tập cũng như cho nhu cầu giải trí hằng ngày.
CHÍNH SÁCH BẢO HÀNH
✅Thông tin bảo hành: Bảo hành chính hãng 12 tháng
✅Trung tâm bảo hành vui lòng tham khảo đường link: https://www.samsung.com/vn/support/service-center
✅Hotline: 1800-588-855
   "@""@""@"taxable"@""@"5"@@""@"0"@"0"@""@""@""@""@"1"@""@""@"[object Object]"@"Sendo.vn
/
Điện thoại - Máy tính bảng
/
Máy tính bảng mới
/
Máy tính bảng Android"@@""@"https://media3.scdn.vn/img4/2021/11_17/OGkeViRkXwLg8ZntUAAH_simg_de2fe0_500x500_maxb.jpg"@""@""@@""@@@""@""@0@""@""@"0"@"1"@""@""@""@"0"@"1"@""@""@""@"0"@"1"@""@""@""@"0"@"1"@""@""@""@"0"@"1"@""@""@""@"0"@"1"@""@""@""@"0"@"1"@""@""@""@"0"@"1"@""@""@""@"0"@"1"@""
@simple@""@"[Ảnh thật] điều khiển điều hòa SAmsung đời 2 Sendo - DKDHSS"@1@"0"@"visible"@""@"Mô tả sản phẩm
Lương Yên Shop xin chào các bạn shop mình phục vụ các khách hàng với giá sản phẩm đảm bảo chất lượng,đúng với hình ảnh được đăng và giá cả cực kỳ mềm,có thể nói là sát với giá nhập hàng. shop cam kết cam kết kiểm tra toàn bộ sản phẩm trước khi chuyển...
Chi tiết sản phẩm
Lương Yên Shop xin chào các bạn
 shop mình phục vụ các khách hàng với giá sản phẩm đảm bảo chất lượng,đúng với hình ảnh được đăng và giá cả cực kỳ mềm,
có thể nói là sát với giá nhập hàng.
 shop cam kết cam kết kiểm tra toàn bộ sản phẩm trước khi chuyển tới tay các Bạn.
 Vì vậy khi đơn hàng có những vấn đề các Bạn liên hệ trức tiếp đến Shop qua số điện thoại hoặc zalo Shop ghi bên dưới:
    - sản phẩm bị hỏng do vận chuyển : Shop se linh động đổi mới hoặc bảo hành cho các Bạn.
     - đối với sản phẩm trong thời hạn bảo hành, Shop vẫn nhận để bảo hành hoặc đổi mới nếu do lỗi của nhà sản xuất
      các bạn vui lòng chịu phí vận chuyển.Các bạn ở gần có thể qua trực tiếp shop để đổi để đỡ mất phí
      (VUI LÒNG GỌI TRƯỚC CHO SHOP TRƯỚC KHI ĐÉN)
thông số kỹ thuật Shop sẽ đề cập trực tiếp trong ảnh đi kèm sản phẩm.
nếu có thiếu xót, góp ý, phản hồi các Bạn có thể trực tiếp góp ý hoặc liên hệ trực tiếp đến Shop:
điện th.oại :033..23510.87
r.al....o : 0332..3510  8.7 : ShopgiadungLuongYenshopgiadungluongyen
#điềukhiểnđiềuhòa #điều_khiển_điều_hòa #dieukhiendieuhoa #dieu_khien_dieu_hoa #điềukhiểnđiềuhòapanasonic #điều_khiển_điều_hòa_panasonic #dieukhiendieuhoapanasonic #dieu_khien_dieu_hoa_panasonic #điềukhiểnđiềuhòalg #điều_khiển_điều_hòa_lg #dieukhiendieuhoalg #dieu_khien_dieu_hoa_lg #điềukhiểnđiềuhòađanăng #điều_khiển_điều_hòa_đa_năng #dieukhiendieuhoadanang #dieu_khien_dieu_hoa_da_nang #điềukhiểnđiềuhòadaikin #điều_khiển_điều_hòa_daikin #dieukhiendieuhoadaikin #dieu_khien_dieu_hoa_daikin #điềukhiểnđiềuhòasamsung #điều_khiển_điều_hòa_samsung #dieukhiendieuhoasamsung #dieu_khien_dieu_hoa_samsung #điềukhiểnđiềuhòasharp #điều_khiển_điều_hòa_sharp #dieukhiendieuhoasharp #dieu_khien_dieu_hoa_sharp #điềukhiểnđiềuhòafuniki #điều_khiển_điều_hòa_funiki #dieukhiendieuhoafuniki #dieu_khien_dieu_hoa_funiki #điềukhiểnđiềuhòagree #điều_khiển_điều_hòa_gree #dieukhiendieuhoagree #dieu_khien_dieu_hoa_gree #điềukhiểnđiềuhòacasper #điều_khiển_điều_hòa_casper #dieukhiendieuhoacasper #dieu_khien_dieu_hoa_casper"@""@""@"taxable"@""@"5"@@""@"0"@"0"@""@""@""@""@"1"@""@""@"[object Object]"@"Sendo.vn
/
Tivi - Thiết bị giải trí
/
Thiết bị chơi game
/
Bàn di chuột game"@@""@"https://media3.scdn.vn/img4/2022/05_28/hHgg1Fup2IFP5vd8nqXw_simg_de2fe0_500x500_maxb.jpg"@""@""@@""@@@""@""@0@""@""@"0"@"1"@""@""@""@"0"@"1"@""@""@""@"0"@"1"@""@""@""@"0"@"1"@""@""@""@"0"@"1"@""@""@""@"0"@"1"@""@""@""@"0"@"1"@""@""@""@"0"@"1"@""@""@""@"0"@"1"@""
@simple@""@"Chíp hộp mực MLT-D111S của máy in Samsung M2020 M2020W M2021W M2071 M2070W M2070FW M2026W hàng chuẩn - aalo.vn - 35452"@1@"0"@"visible"@""@"Mô tả sản phẩm
Chíp hộp mực MLT-D111S của máy in Samsung M2020 M2020W M2021W M2071 M2070W M2070FW M2026W hàng chuẩn.- Sử dụng cho máy in Samsung M2020 M2020W M2021W M2071 M2070W M2070FW M2026WSản phẩm được bán tại :CÔNG TY CỔ PHẦN CÔNG NGHỆ SỐ AALO.VNĐịa chỉ: ...
Chi tiết sản phẩm
Chíp hộp mực MLT-D111S của máy in Samsung M2020 M2020W M2021W M2071 M2070W M2070FW M2026W hàng chuẩn.
- Sử dụng cho máy in Samsung M2020 M2020W M2021W M2071 M2070W M2070FW M2026W
Sản phẩm được bán tại :
CÔNG TY CỔ PHẦN CÔNG NGHỆ SỐ AALO.VN
Địa chỉ: 38D, Đường Dương Khuê, Phường Mai Dịch, Quận Cầu Giấy, TP Hà Nội"@""@""@"taxable"@""@"5"@@""@"0"@"0"@""@""@""@""@"1"@""@""@"[object Object]"@"Sendo.vn
/
Laptop, Máy tính & Thiết bị văn phòng
/
Máy in & Phụ kiện máy in
/
Máy in laser"@@""@"https://media3.scdn.vn/img4/2022/03_12/SNy6x8UebFjj1OsWXfpU_simg_de2fe0_500x500_maxb.png"@""@""@@""@@@""@""@0@""@""@"0"@"1"@""@""@""@"0"@"1"@""@""@""@"0"@"1"@""@""@""@"0"@"1"@""@""@""@"0"@"1"@""@""@""@"0"@"1"@""@""@""@"0"@"1"@""@""@""@"0"@"1"@""@""@""@"0"@"1"@""
@simple@""@"Kính Cường Lực 9D Full Màn Hình Cho SamSung Galaxy A03, A13, A23, A33, A53, A73 - Sendo - 540_109409237"@1@"0"@"visible"@""@"Mô tả sản phẩm
Kính cường lực 9D Full màn là thế hệ kính cường lực mới nhât với cải tiến vượt trội hơn hẳn các dòng kính đang có trên thị trường, kể cả kính cường lực 9D đang hot nhât hiện nayĐặc điểm nổi bật:- Độ cứng 9H bảo vệ tốt gấp 5 lần kính cường lực thông t...
Thông tin cơ bản
Chức năng
Miếng dán cường lực, Miếng dán chống trầy
Chất liệu
Khác
Xuất xứ
Trung Quốc
Chi tiết sản phẩm
Kính cường lực 9D Full màn là thế hệ kính cường lực mới nhât với cải tiến vượt trội hơn hẳn các dòng kính đang có trên thị trường, kể cả kính cường lực 9D đang hot nhât hiện nay
Đặc điểm nổi bật:
- Độ cứng 9H bảo vệ tốt gấp 5 lần kính cường lực thông thường.
- Điểm cải tiến là MỎNG và NHẸ hơn, chỉ 0,25mm nhưng vẫn đảm bảo khả năng chịu lực.
- Vát cạnh 3D ôm sát màn hình máy, hạn chế bong viền, mẻ viền.
- Cảm ứng mượt mà, không trơn rít. Bề mặt trong suốt, không bám vân tay.
Chú ý : Sản phẩm là kính cường lực vẫn có thể vỡ khi va đập
#Danmanhinh #kinhcuongluc #kinhfullmanhinh #9d #galaxyA23 #samsung #a03 #a13 #A33 #A53 #A73 #Sendo"@""@""@"taxable"@""@"5"@@""@"0"@"0"@""@""@""@""@"1"@""@""@"[object Object]"@"Sendo.vn
/
Phụ kiện công nghệ
/
Phụ kiện điện thoại, máy tính bảng
/
Miếng dán cho điện thoại, máy tính bảng"@@""@"https://media3.scdn.vn/img4/2022/12_27/04AyDtndgu1BZtjsAnsN_simg_de2fe0_500x500_maxb.jpg"@""@""@@""@@@""@""@0@""@""@"0"@"1"@""@""@""@"0"@"1"@""@""@""@"0"@"1"@""@""@""@"0"@"1"@""@""@""@"0"@"1"@""@""@""@"0"@"1"@""@""@""@"0"@"1"@""@""@""@"0"@"1"@""@""@""@"0"@"1"@""
@simple@""@"Củ Adapter Sạc Nhanh Type C 15W Samsung EP-T1510N - Hàng Chính Hãng - 3215_114157845"@1@"0"@"visible"@""@"Mô tả sản phẩm
Thắng thao mobile cam kết Hàng chính hãng mới 100% Bảo hành 6 tháng   Mua sạc nhanh Samsung 15W type C giá rẻ chính hãng tại Thắng Thao Mobile Sạc nhanh Samsung 15W type C được tích hợp với các công nghệ hiện đại để đảm bảo an toàn tối đa và giảm th...
Thông tin cơ bản
Bảo hành
6 tháng
Hãng sản xuất
SAMSUNG
Phương thức bảo hành
Bằng hóa đơn
Chi tiết sản phẩm
Thắng thao mobile cam kết
Hàng chính hãng mới 100%
Bảo hành 6 tháng
  Mua sạc nhanh Samsung 15W type C giá rẻ chính hãng tại Thắng Thao Mobile
Sạc nhanh Samsung 15W type C được tích hợp với các công nghệ hiện đại để đảm bảo an toàn tối đa và giảm thiểu thời gian chờ đợi. Bên cạnh đó, việc tích hợp cáp USB-C cũng giúp người dùng dễ dàng kết nối với điện thoại hoặc máy tính bảng.
    Sạc Samsung chất lượng cùng chuẩn USB-C tiện lợi
Bộ sạc Samsung 15W đi kèm cáp có đầu cắm USB-C giúp tăng tốc độ truyền tải dữ liệu và thuận tiện khi sử dụng vì không cần phải quan tâm đến chiều cắm. Chuẩn USB-C được sử dụng rộng rãi trên nhiều dòng smartphone và máy tính bảng Android, giúp bộ sạc Samsung 15W type C có thể dễ dàng sử dụng để sạc pin cho các thiết bị đến từ nhiều hãng khác nhau.
Được sản xuất bởi Samsung, bộ sạc 15W type C đi kèm đều được kiểm định kỹ lưỡng trước khi xuất xưởng để đảm bảo chất lượng và an toàn cho người dùng.
Hiện nay, hầu hết các smartphone và tablet đều có viên pin lớn và hỗ trợ công nghệ sạc nhanh để giảm thiểu thời gian chờ đợi cho người dùng. Sử dụng bộ sạc chính hãng Samsung sẽ giúp bạn tận dụng tối đa tốc độ sạc nhanh để sạc cho những sản phẩm tương thích. Điều này giúp việc tái tạo năng lượng cho smartphone trở nên đơn giản hơn rất nhiều.
    Gọn nhẹ, dễ dàng đem theo
Samsung là một trong những gã khổng lồ trong ngành công nghiệp smartphone đảm bảo an toàn tốt nhất cho người dùng và đồng thời giữ tốc độ truyền tải điện năng hiệu quả. Các nguy cơ như quá dòng, quá nhiệt, đoản mạch được phòng ngừa chủ động trước khi xảy ra. Vì vậy, việc sử dụng củ sạc nhanh Samsung 15W type C sẽ giúp bạn an tâm hơn nhiều so với việc sử dụng các bộ sạc đến từ các thương hiệu phụ kiện khác.
Bộ sạc này có thiết kế đơn giản, gọn gàng với màu trắng chủ đạo. Kích thước tổng thể nhỏ gọn cho phép người dùng dễ dàng mang theo để sạc điện thoại ở bất cứ đâu mà không chiếm nhiều không gian trong balo hoặc túi xách.
#thangthaomobile #cusacsamsung #cusacnhanhtypec15w"@""@""@"taxable"@""@"5"@@""@"0"@"0"@""@""@""@""@"1"@""@""@"[object Object]"@"Sendo.vn
/
Phụ kiện công nghệ
/
Sạc điện thoại, máy tính bảng
/
Cốc sạc, bộ sạc đa năng"@@""@"https://media3.scdn.vn/img4/2023/05_20/buWDQ6ygoORVo2CEORHp_simg_de2fe0_500x500_maxb.jpg"@""@""@@""@@@""@""@0@""@""@"0"@"1"@""@""@""@"0"@"1"@""@""@""@"0"@"1"@""@""@""@"0"@"1"@""@""@""@"0"@"1"@""@""@""@"0"@"1"@""@""@""@"0"@"1"@""@""@""@"0"@"1"@""@""@""@"0"@"1"@""
@simple@""@"Smart Tivi Samsung Crystal UHD 4K 55 inch UA55AU7002 - Đen - 00884214"@1@"0"@"visible"@""@"Mô tả sản phẩm
Chương trình khuyến mãi: Đang cập nhật Với độ phân giải 4K sắc nét, bộ xử lý Crystal 4K mạnh mẽ và công nghệ âm thanh Q-Symphony đỉnh cao, Smart Tivi Samsung 4K 55 inch UA55AU7002 sẽ mang đến trải nghiệm giải trí đỉnh cao ngay tại ngôi nhà của bạn. N...
Chi tiết sản phẩm
Chương trình khuyến mãi:
Đang cập nhật
Với độ phân giải 4K sắc nét, bộ xử lý Crystal 4K mạnh mẽ và công nghệ âm thanh Q-Symphony đỉnh cao, Smart Tivi Samsung 4K 55 inch UA55AU7002 sẽ mang đến trải nghiệm giải trí đỉnh cao ngay tại ngôi nhà của bạn. Ngoài ra, sản phẩm còn có thiết kế tinh tế với 3 cạnh không viền và màn hình ấn tượng 55 inch.
Trải nghiệm giải trí chân thực, sống động
Smart Tivi Samsung 4K 55 inch UA55AU7002 mang đến phương tiện giải trí tuyệt vời hơn bao giờ hết. Hình ảnh của tivi được ứng dụng nhiều công nghệ tiên tiến, cho ra hình ảnh chân thực và sắc nét, giúp bạn tận hưởng không gian phim ảnh, nghe nhạc, chơi game thoải mái, giải tỏa căng thẳng sau giờ làm việc. Nếu bạn có nhu cầu tập luyện thể dục thể thao, chiếc tivi này sẽ giúp bạn có thêm nguồn cảm hứng tập luyện hăng say như đang tập trong phòng tập. 
Độ phân giải 4K và bộ xử lý Crystal 4K
Trong bức tranh đa màu sắc của ngành công nghiệp giải trí hiện đại, độ phân giải 4K đã tỏa sáng như một biểu tượng của sự hoàn hảo. Được ví như "tiêu chuẩn vàng" trong chất lượng hình ảnh, tivi 4K không chỉ đơn thuần là một con số, mà nó đại diện cho sự sắc nét, chi tiết và trải nghiệm xem tuyệt vời. Với số điểm ảnh gấp 4 lần so với TV FHD thông thường, mỗi hình ảnh trên màn hình của Smart Tivi Samsung 4K 55 inch UA55AU7002 đều như một bức tranh sống động. Mỗi chi tiết, từ sợi tóc mỏng manh, những hạt cát nhỏ bé cho đến những đám mây bồng bềnh trên bầu trời, đều được tái hiện một cách trung thực và sắc nét.
Nhưng điều gì đã làm nên sự khác biệt đó? Câu trả lời chính là bộ xử lý Crystal 4K của Samsung. Đây là trái tim của Crystal UHD 4K 55 inch UA55AU7002, nơi mà mọi dữ liệu hình ảnh được xử lý, tối ưu hóa và tái tạo. Bộ xử lý này không chỉ giúp tăng cường độ sắc nét và chi tiết của hình ảnh, mà còn giúp tái hiện màu sắc một cách chân thực, sống động, tạo nên một bức tranh hình ảnh hoàn mỹ trên màn hình.
Công nghệ hình ảnh tiên tiến
Trong thế giới giải trí số, chất lượng hình ảnh luôn là yếu tố quyết định đến trải nghiệm của người xem. Samsung, một thương hiệu hàng đầu trong ngành công nghiệp TV, đã không ngừng nghiên cứu và phát triển để mang đến cho người d&u"@""@""@"taxable"@""@"5"@@""@"0"@"0"@""@""@""@""@"1"@""@""@"[object Object]"@"Sendo.vn
/
Tivi - Thiết bị giải trí
/
Tivi
/
Smart Tivi"@@""@"https://media3.scdn.vn/img4/2023/09_01/yCT5x0A7TvEJ7eZAE9J4_simg_de2fe0_500x500_maxb.jpg"@""@""@@""@@@""@""@0@""@""@"0"@"1"@""@""@""@"0"@"1"@""@""@""@"0"@"1"@""@""@""@"0"@"1"@""@""@""@"0"@"1"@""@""@""@"0"@"1"@""@""@""@"0"@"1"@""@""@""@"0"@"1"@""@""@""@"0"@"1"@""
@simple@""@"Điện thoại Samsung Galaxy A04 (3GB/32GB) - Hàng chính hãng - 2354_111273896"@1@"0"@"visible"@""@"Mô tả sản phẩm
THẮNG THAO MOBILE CAM KẾT Hàng chính hãng mới 100% Bảo hành chính hãng 12 tháng toàn quốc   Cấu hình Điện thoại Samsung Galaxy A04 (3GB/32GB)   Màn hình: IPS LCD6.5&#34;HD+ Hệ điều hành: Android 12 Camera sau: Chính 50 MP &amp; Phụ 2 MP Camera trước...
Thông tin cơ bản
Kết nối mạng
4G
Tính năng nổi trội
Pin khủng (>3000 mAh)
RAM
3GB
Loại cổng sạc
MicroUSB
Xuất xứ
Hàng chính hãng
Nơi bảo hành
Bảo hành chính hãng
Bộ nhớ trong
32GB
Kích thước màn hình
6.1 inch - 7.0 inch
Hãng sản xuất
Samsung
Bảo hành
12 tháng
Số SIM
2 SIM
Chip xử lý
Khác
Chi tiết sản phẩm
THẮNG THAO MOBILE CAM KẾT
Hàng chính hãng mới 100%
Bảo hành chính hãng 12 tháng toàn quốc
  Cấu hình Điện thoại Samsung Galaxy A04 (3GB/32GB)
  Màn hình: IPS LCD6.5"HD+
Hệ điều hành: Android 12
Camera sau: Chính 50 MP & Phụ 2 MP
Camera trước: 5 MP
Chip: MediaTek Helio P35
RAM: 3 GB
Dung lượng lưu trữ: 32 GB
SIM: 2 Nano SIMHỗ trợ 4G
Pin, Sạc: 5000 mAh15 W
  Samsung Galaxy A04 một cái tên khá quen của dòng Galaxy A khi sở hữu cho mình một thiết kế đơn giản nhưng rất tinh tế, camera cho ra những bức ảnh sắc nét và một viên pin lớn mang đến trải nghiệm lâu dài.
Hiển thị hình ảnh chi tiết
Điện thoại Samsung Galaxy A04 (3GB/32GB) sở hữu tấm nền IPS LCD, độ phân giải HD+ cùng kích thước 6.5 inch mang đến không gian giải trí thoải mái, phù hợp với các nhu cầu giải trí của đại đa số người dùng.
  Cũng như các điện thoại Samsung Galaxy A thì máy được trang bị công nghệ âm thanh Dolby Atmos*, giờ đây bạn sẽ được trải nghiệm những thanh âm quyến rũ và chân thật nhất.
  Về thiết kế thì khung và mặt lưng điện thoại được làm từ nhựa cứng cáp và hãng đã hoàn thiện rất tốt các chi tiết, máy không xuất hiện tình trạng ọp ẹp. Đồng thời các cạnh và góc được bo cong một cách nhẹ nhàng giúp mang lại cảm giác cầm nắm tốt hơn trong quá trình sử dụng.
Hiệu năng đáp ứng tốt nhu cầu công việc
Hãng điện thoại Samsung đã trang bị trên máy con chip MediaTek Helio P35 với xung nhịp tối đa lên đến 2.3 GHz mang lại hiệu năng ổn định với đa số mọi tác vụ hằng ngày.
  Điện thoại RAM 3 GB cùng ROM 32 GB cho khả năng đa nhiệm đủ dùng trên các ứng dụng cơ bản. Không gian lưu trữ tài liệu, video sẽ nhiều hơn nhờ khả năng mở rộng bộ nhớ trong lên đến 1 TB thông qua thẻ MicroSD.
Camera chụp ảnh rõ nét
Điện thoại Samsung Galaxy A trang bị camera sau với độ phân giải cảm biến chính đến 50 MP đi kèm là cảm biến phụ 2 MP, camera selfie 5 MP mang đến những tấm ảnh chất lượng, giúp bạn không bỏ lỡ bất kỳ khoảnh khắc nào.
  Không chỉ sở hữu camera có độ phân giải lớn, A04 còn được trang bị nhiều tính năng hiện đại như: Làm đẹp, xóa phông,... bạn sẽ có được những bức ảnh đẹp mà không cần phải chỉnh sửa quá nhiều.
Viên pin lớn mang đến trải nghiệm dài lâu
Cung cấp năng lượng cho A04 là viên pin 5000 mAh cùng khả năng sạc 15 W, có thể đáp ứng một ngày với những tác vụ cơ bản và bạn không cần quá lo lắng về việc hết pin khi đang sử dụng.
  Tuy là mẫu điện thoại giá rẻ nhưng Samsung đã trang bị tính năng nhận diện khuôn mặt hiện đại với tốc độ nhanh chóng, giúp bạn tiết kiệm được thời gian và tăng độ bảo mật hơn cho dế yêu của mình.
Điện thoại Samsung Galaxy A04 sẽ là một lựa chọn tuyệt vời khi so với các sản phẩm trong cùng phân khúc, khi máy sở hữu cho mình một màn hình hiển thị chi tiết, camera chụp ảnh đẹp và viên pin lớn, đây chắc chắn là mẫu điện thoại sẽ khuấy đảo thị trường công nghệ những tháng cuối năm.
  #thangthaomobile #dienthoaicamung #dienthoaisamsung #samsunga04"@""@""@"taxable"@""@"5"@@""@"0"@"0"@""@""@""@""@"1"@""@""@"[object Object]"@"Sendo.vn
/
Điện thoại - Máy tính bảng
/
Điện thoại mới
/
Smartphone"@@""@"https://media3.scdn.vn/img4/2023/02_23/j04JZLCuXse30NPVkSeH_simg_de2fe0_500x500_maxb.jpg"@""@""@@""@@@""@""@0@""@""@"0"@"1"@""@""@""@"0"@"1"@""@""@""@"0"@"1"@""@""@""@"0"@"1"@""@""@""@"0"@"1"@""@""@""@"0"@"1"@""@""@""@"0"@"1"@""@""@""@"0"@"1"@""@""@""@"0"@"1"@""
@simple@""@"[Chính Hãng] Bao Da Nillkin Cho Samsung Galaxy Z Fold 4 - 5G, Có Ngăn Đựng Bút S-Pen. Sendo - 3766_101563352"@1@"0"@"visible"@""@"Mô tả sản phẩm
Bao da Galaxy Z Fold 4 - 5G Nillkin QIN là một siêu phẩm mới ra mắt của hãng. Trong đó thương hiệu Nillkin đã quá quen thuộc và nổi tiếng trong giới phụ kiện, người tiêu dùng.Được thiết kế đặc biệt để sử dụng với Samsung Galaxy Z Fold 4 - 5G, do đó m...
Thông tin cơ bản
Chức năng
Chống sốc, Chống mồ hôi, Kiêm chân đế, Chống trầy xước, Chống vân tay
Xuất xứ
Trung Quốc
Bảo hành
Không bảo hành
Chất liệu
Da
Kiểu dáng
Nắp gập
Hãng sản xuất
NILLKIN
Chi tiết sản phẩm
Bao da Galaxy Z Fold 4 - 5G Nillkin QIN là một siêu phẩm mới ra mắt của hãng. Trong đó thương hiệu Nillkin đã quá quen thuộc và nổi tiếng trong giới phụ kiện, người tiêu dùng.
Được thiết kế đặc biệt để sử dụng với Samsung Galaxy Z Fold 4 - 5G, do đó mang lại sự vừa vặn hoàn hảo và không cản trở việc sử dụng bất kỳ chức năng nào như nút nguồn và âm lượng, cổng tai nghe và cổng sạc hay camera trước và sau.
Kết hợp giữa nét sang trọng cổ kính với phong cách doanh nhân gọn gàng. Một mẫu phụ kiện bảo vệ điện thoại Z Fold 4 - 5G truyền tải gu thẩm mỹ và sự tinh tế của họ thông qua những gì họ cầm trên tay.
Lựa chọn chất liệu da PU cao cấp được may chính xác mang đến một nét đẹp sang trọng và tinh tế cùng cảm giác chạm cực chân thật.
Chất liệu cao cấp thiết kế chuẩn giúp bao da Nillkin QIN ôm gọn điện thoại Galaxy Z Fold 4 - 5G trong lòng, bảo vệ điện thoại của bạn trước những va đập xảy ra.
#baoda #zfold4 #nillkin #baodanillkin #galaxyzfold4 #Sendo"@""@""@"taxable"@""@"5"@@""@"0"@"0"@""@""@""@""@"1"@""@""@"[object Object]"@"Sendo.vn
/
Phụ kiện công nghệ
/
Ốp lưng, bao da điện thoại, máy tính bảng
/
Ốp mặt lưng cho điện thoại"@@""@"https://media3.scdn.vn/img4/2022/09_14/FfE18IlXcBsgRcF0D5Pz_simg_de2fe0_500x500_maxb.jpg"@""@""@@""@@@""@""@0@""@""@"0"@"1"@""@""@""@"0"@"1"@""@""@""@"0"@"1"@""@""@""@"0"@"1"@""@""@""@"0"@"1"@""@""@""@"0"@"1"@""@""@""@"0"@"1"@""@""@""@"0"@"1"@""@""@""@"0"@"1"@""
@simple@""@"[Giá hủy diệt] [Có bảo hành] [Ảnh thật] CARD FORMATTER MÁY IN SAMSUNG SCX 4300 - AALO.VN - SCX 4300"@1@"0"@"visible"@""@"Mô tả sản phẩm
Card Formatter máy in Samsung SCX 4300 - aalo.vnSản phẩm được bán tại :CÔNG TY CỔ PHẦN CÔNG NGHỆ SỐ AALO.VNĐịa chỉ: 38D, Đường Dương Khuê, Phường Mai Dịch, Quận Cầu Giấy, TP Hà Nội Sendo-0985088848 - Hường#card #formatter #samsung...
Chi tiết sản phẩm
Card Formatter máy in Samsung SCX 4300 - aalo.vn
Sản phẩm được bán tại :
CÔNG TY CỔ PHẦN CÔNG NGHỆ SỐ AALO.VN
Địa chỉ: 38D, Đường Dương Khuê, Phường Mai Dịch, Quận Cầu Giấy, TP Hà Nội
 Sendo-0985088848 - Hường
#card #formatter #samsung"@""@""@"taxable"@""@"5"@@""@"0"@"0"@""@""@""@""@"1"@""@""@"[object Object]"@"Sendo.vn
/
Laptop, Máy tính & Thiết bị văn phòng
/
Máy in & Phụ kiện máy in
/
Máy in ảnh"@@""@"https://media3.scdn.vn/img4/2021/12_28/3sG6doOf8igcJPujA9SB_simg_de2fe0_500x500_maxb.png"@""@""@@""@@@""@""@0@""@""@"0"@"1"@""@""@""@"0"@"1"@""@""@""@"0"@"1"@""@""@""@"0"@"1"@""@""@""@"0"@"1"@""@""@""@"0"@"1"@""@""@""@"0"@"1"@""@""@""@"0"@"1"@""@""@""@"0"@"1"@""
@simple@""@"[Giá hủy diệt] [Có bảo hành] [Ảnh thật] CARD FORMATTER MÁY IN SAMSUNG SCX 4300 - AALO.VN - SCX 4300"@1@"0"@"visible"@""@"Mô tả sản phẩm
Card Formatter máy in Samsung SCX 4300 - aalo.vnSản phẩm được bán tại :CÔNG TY CỔ PHẦN CÔNG NGHỆ SỐ AALO.VNĐịa chỉ: 38D, Đường Dương Khuê, Phường Mai Dịch, Quận Cầu Giấy, TP Hà Nội Sendo- 0915460000- Hường#card #formatter #samsung...
Chi tiết sản phẩm
Card Formatter máy in Samsung SCX 4300 - aalo.vn
Sản phẩm được bán tại :
CÔNG TY CỔ PHẦN CÔNG NGHỆ SỐ AALO.VN
Địa chỉ: 38D, Đường Dương Khuê, Phường Mai Dịch, Quận Cầu Giấy, TP Hà Nội
 Sendo- 0915460000- Hường
#card #formatter #samsung"@""@""@"taxable"@""@"5"@@""@"0"@"0"@""@""@""@""@"1"@""@""@"[object Object]"@"Sendo.vn
/
Laptop, Máy tính & Thiết bị văn phòng
/
Máy in & Phụ kiện máy in
/
Máy in ảnh"@@""@"https://media3.scdn.vn/img4/2021/12_28/FVBz76pFnRdClcVzeYzE_simg_de2fe0_500x500_maxb.png"@""@""@@""@@@""@""@0@""@""@"0"@"1"@""@""@""@"0"@"1"@""@""@""@"0"@"1"@""@""@""@"0"@"1"@""@""@""@"0"@"1"@""@""@""@"0"@"1"@""@""@""@"0"@"1"@""@""@""@"0"@"1"@""@""@""@"0"@"1"@""
@simple@""@"Bộ Sạc Nhanh Xiaomi 22.5W Chân Type C. Có Hỗ Trợ Sạc Nhanh Cho Các Máy Samsung, Sony, LG... Sendo - 3215_111445822"@1@"0"@"visible"@""@"Mô tả sản phẩm
+ Củ sạc XIAOMI MDY-11-EM tối đa 22.5W1. Cung cấp công suất sạc lên đến 22.5W.2. Tích hợp chip thông minh, tự động nhận dạng thiết bị, cung cấp nguồn sạc khác nhau. 3. Điện áp lớn AC100-240V, cũng có thể sử dụng khi đi du lịch nước ngoài. 4. Chống qu...
Thông tin cơ bản
Bảo hành
2 tháng
Phương thức bảo hành
Bằng hóa đơn
Chi tiết sản phẩm
+ Củ sạc XIAOMI MDY-11-EM tối đa 22.5W
1. Cung cấp công suất sạc lên đến 22.5W.
2. Tích hợp chip thông minh, tự động nhận dạng thiết bị, cung cấp nguồn sạc khác nhau. 
3. Điện áp lớn AC100-240V, cũng có thể sử dụng khi đi du lịch nước ngoài. 
4. Chống quá tải, an toàn để sử dụng Thông tin chi tiết: 
* Model: MDY-11-EM 2. Giao diện: USB-A 
* Nguồn đầu vào: 100-240V ~, 50 / 60Hz 
* Nguồn đầu ra: 5V — 3A / 9V — 2.23A / 12V — 1.67A / 10V — 2.25A 
* Kích thước: 41,45 * 26,5 * 50mm 
* Nhiệt độ: -10 ℃ -40 ℃ 
* Tiêu chuẩn hoạt động: GB17625.1—2012; GB4943.1-2011; GB / T9254-2008 
* Tương thích với: Các mấy Xiaomi, Redmi. Poco… và các máy Android của các hàng khác
Thiết bị Android và iOS hỗ trợ giao thức sạc PD3.0\
#sac #cusac #bosac #sacnhanh #xiaomi #sacnhanh22.5w #sacxiaomi #typeC #Sendo"@""@""@"taxable"@""@"5"@@""@"0"@"0"@""@""@""@""@"1"@""@""@"[object Object]"@"Sendo.vn
/
Phụ kiện công nghệ
/
Sạc điện thoại, máy tính bảng
/
Cốc sạc, bộ sạc đa năng"@@""@"https://media3.scdn.vn/img4/2023/03_04/LYkQ73kG38NdV9YRLOh2_simg_de2fe0_500x500_maxb.png"@""@""@@""@@@""@""@0@""@""@"0"@"1"@""@""@""@"0"@"1"@""@""@""@"0"@"1"@""@""@""@"0"@"1"@""@""@""@"0"@"1"@""@""@""@"0"@"1"@""@""@""@"0"@"1"@""@""@""@"0"@"1"@""@""@""@"0"@"1"@""
@simple@""@"Điện thoại Samsung Galaxy A04e (3GB/32GB) - Hàng chính hãng - 2354_111273951"@1@"0"@"visible"@""@"Mô tả sản phẩm
THẮNG THAO MOBILE CAM KẾT Hàng chính hãng mới 100% Bảo hành chính hãng 12 tháng toàn quốc   Cấu hình Điện thoại Samsung Galaxy A04E (3GB/32GB)   Màn hình: IPS LCD6.5&#34;HD+ Hệ điều hành: Android 12 Camera sau: Chính 13 MP &amp; Phụ 2 MP Camera trướ...
Thông tin cơ bản
Tính năng nổi trội
Pin khủng (>3000 mAh)
Kết nối mạng
4G
Loại cổng sạc
MicroUSB
Số SIM
2 SIM
Chip xử lý
Khác
Bảo hành
12 tháng
Xuất xứ
Hàng chính hãng
Bộ nhớ trong
32GB
Nơi bảo hành
Bảo hành chính hãng
Hãng sản xuất
Samsung
Kích thước màn hình
6.1 inch - 7.0 inch
Phương thức bảo hành
Bảo hành điện tử
Chi tiết sản phẩm
THẮNG THAO MOBILE CAM KẾT
Hàng chính hãng mới 100%
Bảo hành chính hãng 12 tháng toàn quốc
  Cấu hình Điện thoại Samsung Galaxy A04E (3GB/32GB)
  Màn hình: IPS LCD6.5"HD+
Hệ điều hành: Android 12
Camera sau: Chính 13 MP & Phụ 2 MP
Camera trước: 5 MP
Chip: MediaTek Helio P35
RAM: 3 GB
Dung lượng lưu trữ: 32 GB
SIM: 2 Nano SIM Hỗ trợ 4G
Pin, Sạc: 5000 mAh15 W
Galaxy A04e chính thức ra mắt, phiên bản rút gọn hoàn hảo của Galaxy A04s?
    Mới đây, theo SamMobile cho biết, Samsung đã âm thầm xác nhận sự hiện diện của mẫu máy giá rẻ mới mang tên Galaxy A04e trên trang thông tin sản phẩm dành riêng cho truyền thông. Từ đây, gã khổng lồ công nghệ Hàn Quốc đã cho chúng ta biết một vài thông số kỹ thuật của Galaxy A04e.
Galaxy A04e có thiết kế nhựa nguyên khối cùng 3 phiên bản tuỳ chọn màu sắc bao gồm Xanh lam, Đồng và Đen. Về phần màn hình, điện thoại vẫn sử dụng thiết kế dạng giọt nước Infinity-V quen thuộc chứa camera sefie 5 MP khẩu độ f/2.2.
Mẫu điện thoại giá rẻ tiếp theo của nhà Samsung được trang bị tấm nền màn hình LCD PLS kích thước 6.5 inch độ phân giải HD+. Bộ đôi camera gồm cảm biến chính độ phân giải 13 MP khẩu độ f/2.2 và ống kính đo độ sâu 2 MP khẩu độ f/2.4.
  Samsung vẫn chưa xác nhận vi xử lý của Galaxy A04e, về tuỳ chọn bộ nhớ thì mẫu smartphone này sẽ có 3 GB hoặc 4 GB RAM cùng bộ nhớ trong lần lượt là 32/ 64/ 128 GB. Thiết bị có khe cắm thẻ microSD, hỗ trợ mở rộng bộ nhớ lên đến 1 TB.
Dường như mẫu điện thoại mới này có nhiều điểm tương đồng so với chiếc smartphone giá rẻ khác chưa được Samsung công bố là Galaxy M04. Nhưng nếu đúng là vậy thì Galaxy A04e sẽ chạy vi xử lý MediaTek Helio G35.
Các thông số khác cũng được hãng xác nhận bao gồm máy có dung lượng pin 5.000 mAh, hỗ trợ kết nối không dây LTE, Wi-Fi 802.11 b/g/n (2.4GHz), Bluetooth 5.0, bảo mật Samsung Knox cùng One UI 4.1 dựa trên Android 12. 
  #thangthaomobile #dienthoaicamung #dienthoaisamsung #samsunga04e"@""@""@"taxable"@""@"5"@@""@"0"@"0"@""@""@""@""@"1"@""@""@"[object Object]"@"Sendo.vn
/
Điện thoại - Máy tính bảng
/
Điện thoại mới
/
Smartphone"@@""@"https://media3.scdn.vn/img4/2023/02_23/x7gnll2U5cVjmgHr1Byo_simg_de2fe0_500x500_maxb.jpg"@""@""@@""@@@""@""@0@""@""@"0"@"1"@""@""@""@"0"@"1"@""@""@""@"0"@"1"@""@""@""@"0"@"1"@""@""@""@"0"@"1"@""@""@""@"0"@"1"@""@""@""@"0"@"1"@""@""@""@"0"@"1"@""@""@""@"0"@"1"@""
